model,mean_volt,mean_rotate,mean_pressure,mean_vibration,std_volt,std_rotate,std_pressure,std_vibration,model_rate
model1,170.75242405045265,446.6422719798054,101.2390514269547,40.43516832331191,170.75242405045265,446.6422719798054,101.2390514269547,40.43516832331191,0.00132739012159549
model2,170.78133039297126,446.7165951142196,101.18625843588033,40.38497501842188,170.78133039297126,446.7165951142196,101.18625843588033,40.38497501842188,0.0011182576774173647
model3,170.82394313190088,446.48284929185,100.65386297618569,40.40035666667384,170.82394313190088,446.48284929185,100.65386297618569,40.40035666667384,0.0007417008173692846
model4,170.76369224893998,446.8503633281963,100.64820872592786,40.35121662432897,170.76369224893998,446.8503633281963,100.64820872592786,40.35121662432897,0.0006514471139663706
